insert into CAMARERO (ID_CAMARERO, NOMBRE, APELLIDO1, APELLIDO2) values(1, 'Friedrich','Wilhelm','Nietzsche');
insert into CAMARERO (ID_CAMARERO, NOMBRE, APELLIDO1, APELLIDO2) values(2, 'Avram','Noam','Chomsky');

insert into CLIENTE (ID_CLIENTE, NOMBRE, APELLIDO1, APELLIDO2, OBSERVACIONES) values(1, 'Albert','Einstein','Baviera', 'Muy Bueno');
insert into CLIENTE (ID_CLIENTE, NOMBRE, APELLIDO1, APELLIDO2, OBSERVACIONES) values(2, 'Karl','Werner','Heisenberg', 'Bueno');
insert into CLIENTE (ID_CLIENTE, NOMBRE, APELLIDO1, APELLIDO2, OBSERVACIONES) values(3, 'Christian August','Hausen','', 'Regular');
insert into CLIENTE (ID_CLIENTE, NOMBRE, APELLIDO1, APELLIDO2, OBSERVACIONES) values(4, 'Ernest Pascual','Jordan','', 'Malo');

insert into COCINERO (ID_COCINERO, NOMBRE, APELLIDO1, APELLIDO2) values(1, 'Anthony Michael','Bourdain','');
insert into COCINERO (ID_COCINERO, NOMBRE, APELLIDO1, APELLIDO2) values(2, 'José Ramón','Andrés','Puerta');

insert into MESA (ID_MESA, NUMERO_MAX_COMENSALES, UBICACION) values(1, 3,'Centro');
insert into MESA (ID_MESA, NUMERO_MAX_COMENSALES, UBICACION) values(2, 2,'Frente');
insert into MESA (ID_MESA, NUMERO_MAX_COMENSALES, UBICACION) values(3, 2,'Esquina Izquierda');
insert into MESA (ID_MESA, NUMERO_MAX_COMENSALES, UBICACION) values(4, 2,'Esquina Derecha');

insert into PLATO (ID_PLATO, NOMBRE, ID_COCINERO, IMPORTE) values(1, 'Caviar',1,50000.0);
insert into PLATO (ID_PLATO, NOMBRE, ID_COCINERO, IMPORTE) values(2, 'Pan',1,1000.0);
insert into PLATO (ID_PLATO, NOMBRE, ID_COCINERO, IMPORTE) values(3, 'Sopa',2,20000.0);
insert into PLATO (ID_PLATO, NOMBRE, ID_COCINERO, IMPORTE) values(4, 'Pescado',2,25000.0);
insert into PLATO (ID_PLATO, NOMBRE, ID_COCINERO, IMPORTE) values(5, 'Arroz con Pollo',1,30000.0);

insert into FACTURA (ID_FACTURA, ID_CAMARERO, ID_CLIENTE, ID_MESA, FECHA_FACTURA) values(1, 1, 1, 1, '2019-01-09');
insert into FACTURA (ID_FACTURA, ID_CAMARERO, ID_CLIENTE, ID_MESA, FECHA_FACTURA) values(2, 1, 2, 2, '2019-01-09');
insert into FACTURA (ID_FACTURA, ID_CAMARERO, ID_CLIENTE, ID_MESA, FECHA_FACTURA) values(3, 2, 3, 4, '2019-01-09');
insert into FACTURA (ID_FACTURA, ID_CAMARERO, ID_CLIENTE, ID_MESA, FECHA_FACTURA) values(4, 1, 4, 3, '2019-01-09');
insert into FACTURA (ID_FACTURA, ID_CAMARERO, ID_CLIENTE, ID_MESA, FECHA_FACTURA) values(5, 2, 2, 2, '2019-01-09');
insert into FACTURA (ID_FACTURA, ID_CAMARERO, ID_CLIENTE, ID_MESA, FECHA_FACTURA) values(6, 2, 4, 3, '2019-01-09');

insert into DETALLE_FACTURA  (ID_DETALLE_FACTURA, ID_FACTURA, ID_PLATO, IMPORTE) values(1, 1, 2, 10000.0);
insert into DETALLE_FACTURA  (ID_DETALLE_FACTURA, ID_FACTURA, ID_PLATO, IMPORTE) values(2, 1, 2, 1000.0);
insert into DETALLE_FACTURA  (ID_DETALLE_FACTURA, ID_FACTURA, ID_PLATO, IMPORTE) values(3, 1, 5, 40000.0);
insert into DETALLE_FACTURA  (ID_DETALLE_FACTURA, ID_FACTURA, ID_PLATO, IMPORTE) values(4, 2, 1, 200000.0);
insert into DETALLE_FACTURA  (ID_DETALLE_FACTURA, ID_FACTURA, ID_PLATO, IMPORTE) values(5, 2, 4, 25000.0);
insert into DETALLE_FACTURA  (ID_DETALLE_FACTURA, ID_FACTURA, ID_PLATO, IMPORTE) values(6, 3, 1, 200000.0);
insert into DETALLE_FACTURA  (ID_DETALLE_FACTURA, ID_FACTURA, ID_PLATO, IMPORTE) values(7, 3, 1, 200000.0);
insert into DETALLE_FACTURA  (ID_DETALLE_FACTURA, ID_FACTURA, ID_PLATO, IMPORTE) values(8, 4, 5, 300000.0);
insert into DETALLE_FACTURA  (ID_DETALLE_FACTURA, ID_FACTURA, ID_PLATO, IMPORTE) values(9, 5, 5, 10000.0);
insert into DETALLE_FACTURA  (ID_DETALLE_FACTURA, ID_FACTURA, ID_PLATO, IMPORTE) values(10, 5, 4, 10000.0);
insert into DETALLE_FACTURA  (ID_DETALLE_FACTURA, ID_FACTURA, ID_PLATO, IMPORTE) values(11, 5, 3, 30000.0);
insert into DETALLE_FACTURA  (ID_DETALLE_FACTURA, ID_FACTURA, ID_PLATO, IMPORTE) values(12, 5, 2, 10000.0);
insert into DETALLE_FACTURA  (ID_DETALLE_FACTURA, ID_FACTURA, ID_PLATO, IMPORTE) values(13, 5, 1, 20000.0);
insert into DETALLE_FACTURA  (ID_DETALLE_FACTURA, ID_FACTURA, ID_PLATO, IMPORTE) values(14, 5, 1, 10000.0);
insert into DETALLE_FACTURA  (ID_DETALLE_FACTURA, ID_FACTURA, ID_PLATO, IMPORTE) values(15, 6, 1, 40000.0);
insert into DETALLE_FACTURA  (ID_DETALLE_FACTURA, ID_FACTURA, ID_PLATO, IMPORTE) values(16, 6, 2, 10000.0);
insert into DETALLE_FACTURA  (ID_DETALLE_FACTURA, ID_FACTURA, ID_PLATO, IMPORTE) values(17, 6, 3, 10000.0);
insert into DETALLE_FACTURA  (ID_DETALLE_FACTURA, ID_FACTURA, ID_PLATO, IMPORTE) values(18, 6, 4, 50000.0);
insert into DETALLE_FACTURA  (ID_DETALLE_FACTURA, ID_FACTURA, ID_PLATO, IMPORTE) values(19, 6, 5, 10000.0);
insert into DETALLE_FACTURA  (ID_DETALLE_FACTURA, ID_FACTURA, ID_PLATO, IMPORTE) values(20, 6, 5, 20000.0);